Revenue_ID,Date_Key,Airport_ID,Revenue_Type,Amount
1,258,2,Retail,160284
2,142,2,Parking,329601
3,208,5,Retail,93329
4,113,4,Retail,149826
5,100,4,Parking,77730
6,104,6,Retail,214375
7,240,2,Airline Fee,236436
8,241,2,Airline Fee,495447
9,291,1,Parking,163555
10,149,1,Retail,214600
11,220,5,Parking,260018
12,82,2,Airline Fee,492177
13,288,5,Parking,97813
14,151,4,Airline Fee,97930
15,134,4,Airline Fee,140319
16,285,2,Airline Fee,254707
17,319,3,Retail,227025
18,225,5,Retail,446479
19,125,3,Retail,248605
20,96,4,Retail,135925
21,337,6,Airline Fee,50025
22,240,5,Airline Fee,386378
23,314,4,Airline Fee,474083
24,85,1,Retail,165548
25,84,2,Parking,267465
26,343,1,Parking,57683
27,272,5,Retail,290595
28,6,1,Retail,254759
29,7,6,Retail,332688
30,14,5,Retail,81448
31,3,3,Airline Fee,152285
32,225,2,Retail,165284
33,305,3,Airline Fee,297779
34,292,6,Retail,62083
35,285,4,Airline Fee,416870
36,168,2,Airline Fee,324797
37,132,1,Airline Fee,203363
38,121,5,Retail,268969
39,236,2,Airline Fee,243010
40,23,4,Retail,488042
41,102,3,Airline Fee,310557
42,132,4,Airline Fee,359667
43,274,1,Retail,215763
44,1,5,Parking,180585
45,32,5,Retail,63163
46,149,1,Parking,393547
47,166,5,Retail,416954
48,297,2,Airline Fee,352566
49,177,2,Retail,334755
50,341,1,Parking,364605
51,93,1,Airline Fee,441511
52,117,4,Retail,57625
53,96,5,Retail,303633
54,59,6,Airline Fee,369996
55,141,3,Parking,152380
56,317,1,Retail,319128
57,51,4,Parking,392353
58,255,1,Retail,165561
59,91,1,Retail,179005
60,321,2,Retail,261805
61,305,6,Parking,168530
62,177,5,Airline Fee,481807
63,103,6,Retail,113260
64,142,1,Airline Fee,349672
65,30,5,Retail,181479
66,142,4,Retail,227450
67,203,1,Parking,338142
68,223,6,Airline Fee,223646
69,348,3,Airline Fee,489847
70,318,6,Parking,60714
71,3,2,Airline Fee,122892
72,39,3,Retail,467658
73,275,2,Retail,113764
74,361,1,Airline Fee,98889
75,98,6,Airline Fee,427657
76,128,1,Airline Fee,367036
77,167,5,Parking,65869
78,266,2,Airline Fee,230319
79,345,4,Airline Fee,470895
80,151,3,Retail,225371
81,248,6,Parking,159291
82,59,4,Airline Fee,373091
83,218,2,Airline Fee,441152
84,83,4,Parking,189662
85,102,2,Retail,180764
86,148,5,Parking,378941
87,244,5,Retail,219863
88,300,4,Airline Fee,319844
89,274,4,Airline Fee,451196
90,48,6,Parking,222760
91,331,2,Airline Fee,333618
92,250,5,Parking,346568
93,217,6,Parking,268461
94,235,4,Parking,55470
95,1,6,Airline Fee,356949
96,97,2,Retail,464730
97,263,2,Airline Fee,407439
98,351,4,Retail,258809
99,90,3,Retail,219081
100,199,6,Retail,224266
101,100,1,Airline Fee,338967
102,152,2,Retail,115830
103,69,5,Airline Fee,246662
104,214,6,Airline Fee,402898
105,108,1,Parking,481530
106,164,2,Airline Fee,147196
107,306,6,Airline Fee,131999
108,248,3,Airline Fee,107983
109,302,1,Airline Fee,125240
110,198,5,Retail,324138
111,279,1,Retail,426079
112,12,6,Airline Fee,229460
113,156,4,Airline Fee,251978
114,186,2,Parking,357147
115,236,4,Retail,119442
116,317,3,Airline Fee,349746
117,224,1,Parking,394962
118,34,4,Parking,323660
119,350,3,Airline Fee,447214
120,101,4,Parking,84280
121,254,5,Parking,346732
122,274,4,Parking,303053
123,163,2,Retail,478799
124,37,6,Parking,437510
125,297,4,Parking,174192
126,211,4,Airline Fee,217090
127,86,4,Airline Fee,333727
128,91,4,Retail,431024
129,251,4,Airline Fee,292377
130,208,1,Retail,263021
131,295,1,Parking,345905
132,260,6,Parking,80268
133,308,5,Parking,489739
134,113,1,Airline Fee,137714
135,275,3,Retail,280662
136,92,2,Airline Fee,435887
137,273,4,Airline Fee,366481
138,173,4,Retail,466479
139,130,4,Retail,94763
140,88,5,Retail,136868
141,246,5,Parking,268896
142,55,3,Airline Fee,372066
143,347,4,Airline Fee,122973
144,4,5,Parking,196480
145,356,4,Retail,344706
146,316,1,Airline Fee,419697
147,29,4,Parking,388159
148,189,3,Airline Fee,206243
149,46,3,Airline Fee,56831
150,97,5,Airline Fee,410258
151,49,4,Retail,68745
152,120,3,Retail,245405
153,146,1,Airline Fee,241636
154,332,5,Retail,153878
155,249,1,Parking,443372
156,74,3,Parking,471095
157,273,6,Airline Fee,264222
158,107,5,Parking,277499
159,352,4,Retail,467179
160,184,6,Retail,83957
161,345,2,Parking,260702
162,308,4,Airline Fee,188766
163,71,4,Parking,273133
164,20,1,Retail,103752
165,157,4,Airline Fee,276515
166,339,2,Retail,367185
167,225,5,Airline Fee,105016
168,178,5,Airline Fee,227173
169,118,6,Airline Fee,277481
170,159,2,Retail,308695
171,13,1,Airline Fee,337011
172,56,6,Airline Fee,297193
173,240,2,Parking,329140
174,275,5,Parking,429472
175,326,6,Retail,106440
176,156,2,Airline Fee,90446
177,80,1,Parking,178511
178,114,6,Retail,457936
179,33,4,Airline Fee,124458
180,114,4,Retail,318521
181,63,5,Airline Fee,140329
182,26,1,Parking,385186
183,87,4,Airline Fee,160344
184,257,4,Parking,297530
185,93,4,Airline Fee,326026
186,200,3,Airline Fee,279291
187,362,4,Parking,498064
188,205,3,Parking,205893
189,84,2,Parking,424932
190,107,5,Retail,63181
191,247,5,Parking,378083
192,5,6,Airline Fee,292166
193,268,6,Retail,236336
194,304,3,Retail,160975
195,14,1,Retail,183152
196,309,6,Retail,177377
197,218,6,Parking,125176
198,234,3,Airline Fee,486880
199,45,4,Airline Fee,62151
200,160,6,Retail,336988
201,158,1,Retail,207424
202,268,5,Parking,416890
203,100,2,Airline Fee,451520
204,83,2,Parking,365208
205,44,3,Retail,497991
206,153,6,Retail,481085
207,170,3,Retail,321680
208,21,3,Airline Fee,458470
209,250,3,Airline Fee,192375
210,189,5,Retail,401779
211,322,4,Airline Fee,111804
212,357,5,Retail,443421
213,21,2,Airline Fee,445125
214,282,2,Airline Fee,59172
215,160,2,Retail,157754
216,219,4,Airline Fee,242618
217,17,4,Retail,232868
218,4,1,Parking,163755
219,39,4,Airline Fee,125487
220,271,2,Parking,94445
221,289,4,Retail,230263
222,189,4,Retail,86444
223,142,4,Airline Fee,479952
224,346,3,Airline Fee,422185
225,303,6,Airline Fee,434783
226,130,6,Retail,246049
227,346,4,Airline Fee,438960
228,322,3,Parking,282435
229,176,2,Airline Fee,412801
230,194,1,Retail,469882
231,337,5,Parking,171686
232,274,6,Parking,362303
233,179,1,Airline Fee,185099
234,240,5,Retail,221140
235,132,6,Retail,217828
236,81,2,Airline Fee,180398
237,161,3,Retail,215457
238,181,4,Airline Fee,402404
239,269,3,Retail,68502
240,327,5,Parking,445584
241,58,6,Airline Fee,281867
242,191,4,Retail,453329
243,321,5,Retail,470606
244,360,5,Airline Fee,63473
245,42,6,Parking,303752
246,95,4,Retail,350391
247,356,1,Airline Fee,297635
248,89,1,Parking,416564
249,109,6,Retail,382568
250,233,6,Retail,280595
251,296,5,Retail,204783
252,350,2,Airline Fee,475465
253,102,3,Airline Fee,349099
254,21,1,Airline Fee,434679
255,83,4,Parking,457812
256,161,5,Retail,420926
257,198,3,Retail,100246
258,42,6,Parking,308953
259,37,3,Parking,78122
260,200,5,Airline Fee,451082
261,333,3,Retail,160114
262,154,2,Parking,241382
263,39,5,Parking,344583
264,47,6,Parking,226783
265,312,3,Airline Fee,488579
266,110,3,Airline Fee,298474
267,186,6,Retail,319710
268,185,1,Airline Fee,70157
269,327,3,Retail,239189
270,216,3,Airline Fee,286521
271,110,1,Airline Fee,92086
272,200,5,Airline Fee,382055
273,173,1,Parking,437826
274,321,4,Airline Fee,421286
275,4,4,Retail,56276
276,61,2,Airline Fee,154533
277,171,3,Parking,325036
278,361,6,Parking,149508
279,147,4,Retail,391662
280,342,5,Retail,273266
281,356,5,Parking,182601
282,129,6,Airline Fee,337329
283,147,4,Retail,373218
284,51,1,Retail,260977
285,64,6,Airline Fee,185645
286,63,2,Airline Fee,150050
287,285,1,Airline Fee,361761
288,43,2,Parking,101584
289,70,6,Parking,205304
290,256,4,Airline Fee,298953
291,295,1,Retail,338052
292,23,4,Retail,90143
293,257,2,Parking,160072
294,61,5,Parking,193039
295,207,6,Retail,101111
296,281,1,Parking,497549
297,132,4,Parking,241542
298,365,2,Retail,104619
299,364,5,Airline Fee,421061
300,1,1,Retail,250202
301,40,2,Parking,66623
302,277,1,Airline Fee,132739
303,247,1,Airline Fee,192559
304,138,3,Retail,355689
305,322,4,Airline Fee,408217
306,17,3,Airline Fee,169638
307,124,1,Retail,147056
308,91,2,Airline Fee,495375
309,246,4,Airline Fee,51613
310,113,2,Retail,219480
311,126,2,Retail,295069
312,266,6,Parking,179763
313,241,5,Parking,391238
314,138,1,Retail,309176
315,246,2,Parking,448849
316,238,1,Retail,259783
317,303,3,Parking,125210
318,9,6,Parking,489667
319,46,6,Airline Fee,105053
320,359,3,Parking,263026
321,124,2,Airline Fee,125327
322,68,6,Parking,285113
323,365,1,Airline Fee,178243
324,324,5,Parking,254184
325,132,4,Parking,85680
326,361,3,Airline Fee,313688
327,237,3,Airline Fee,171036
328,213,5,Retail,293242
329,59,2,Retail,252505
330,153,3,Airline Fee,176648
331,281,3,Parking,55612
332,82,4,Retail,477573
333,238,5,Retail,278071
334,312,5,Retail,287719
335,49,1,Retail,302989
336,65,5,Retail,80887
337,189,6,Airline Fee,319695
338,9,4,Retail,417418
339,96,6,Airline Fee,71815
340,85,5,Airline Fee,369547
341,36,1,Parking,344864
342,83,4,Retail,303920
343,163,3,Retail,289894
344,214,2,Parking,233962
345,221,3,Retail,463291
346,318,1,Retail,128140
347,319,4,Airline Fee,331899
348,119,3,Airline Fee,90504
349,76,1,Parking,392058
350,69,6,Airline Fee,393357
351,94,3,Retail,225001
352,319,2,Retail,117543
353,317,6,Parking,418586
354,355,3,Retail,350892
355,293,3,Parking,427967
356,254,3,Retail,72463
357,4,1,Parking,78612
358,56,4,Retail,159463
359,43,5,Retail,93514
360,277,1,Retail,170649
361,58,6,Retail,279258
362,250,5,Retail,241484
363,144,6,Parking,53806
364,309,5,Parking,55826
365,18,3,Airline Fee,64808
366,313,6,Parking,330244
367,351,2,Retail,303098
368,166,5,Parking,105655
369,32,6,Retail,235754
370,112,6,Retail,456784
371,225,5,Airline Fee,335231
372,275,3,Parking,50738
373,340,2,Parking,325150
374,304,3,Retail,283697
375,74,5,Parking,278020
376,154,6,Parking,145754
377,110,1,Parking,281816
378,338,6,Retail,190092
379,173,5,Parking,385480
380,271,1,Retail,456628
381,146,4,Retail,494514
382,287,2,Parking,356709
383,102,6,Airline Fee,260535
384,15,4,Retail,372630
385,249,3,Parking,249083
386,65,5,Airline Fee,148619
387,361,4,Retail,427308
388,174,2,Airline Fee,146822
389,331,1,Parking,203726
390,358,1,Airline Fee,214390
391,30,3,Airline Fee,314616
392,41,3,Retail,58072
393,67,5,Retail,499408
394,273,4,Parking,472274
395,26,5,Retail,59156
396,118,1,Airline Fee,150490
397,329,1,Airline Fee,54227
398,209,6,Parking,245819
399,357,4,Retail,449520
400,248,5,Retail,95472
401,95,3,Parking,353660
402,314,4,Retail,397539
403,95,6,Airline Fee,220148
404,102,3,Parking,498737
405,214,4,Retail,475108
406,131,3,Airline Fee,362626
407,132,2,Parking,160406
408,102,1,Airline Fee,434655
409,57,6,Airline Fee,450095
410,193,4,Retail,496641
411,255,6,Airline Fee,470170
412,162,2,Retail,151879
413,32,4,Airline Fee,257535
414,172,1,Retail,61804
415,97,6,Retail,446585
416,139,1,Parking,463281
417,292,3,Retail,266250
418,141,6,Airline Fee,329478
419,313,1,Parking,102087
420,153,6,Parking,471705
421,198,6,Airline Fee,322834
422,346,1,Airline Fee,375525
423,132,1,Parking,174639
424,365,5,Parking,390587
425,26,5,Retail,300747
426,269,1,Parking,276561
427,72,6,Airline Fee,260567
428,303,6,Parking,125889
429,208,5,Airline Fee,278136
430,170,4,Airline Fee,363983
431,231,6,Retail,130984
432,287,2,Retail,356711
433,168,2,Retail,116457
434,215,5,Airline Fee,202098
435,116,2,Airline Fee,54071
436,144,5,Airline Fee,299476
437,312,3,Retail,256734
438,330,6,Parking,91577
439,36,1,Parking,200285
440,223,2,Retail,290036
441,236,1,Retail,150113
442,352,2,Airline Fee,412434
443,336,4,Airline Fee,272823
444,184,4,Airline Fee,427411
445,242,5,Parking,373061
446,304,1,Parking,121224
447,208,5,Retail,105847
448,58,3,Retail,197929
449,271,5,Airline Fee,211964
450,149,6,Parking,299661
451,64,6,Parking,52326
452,135,5,Retail,279591
453,308,5,Parking,432971
454,19,2,Airline Fee,382285
455,86,2,Parking,87458
456,174,3,Airline Fee,163882
457,38,1,Airline Fee,318391
458,141,4,Airline Fee,171822
459,300,1,Airline Fee,446338
460,199,4,Parking,91728
461,35,2,Parking,275708
462,131,5,Airline Fee,229203
463,227,6,Retail,444328
464,144,3,Retail,499161
465,144,3,Airline Fee,180518
466,194,6,Airline Fee,349769
467,358,3,Retail,326842
468,337,1,Parking,379757
469,166,2,Parking,402141
470,24,2,Retail,330287
471,215,5,Airline Fee,235501
472,364,6,Airline Fee,386388
473,313,6,Parking,187708
474,236,1,Parking,105566
475,123,5,Airline Fee,422112
476,56,4,Parking,62335
477,86,2,Retail,317616
478,322,3,Retail,281115
479,78,6,Parking,396392
480,92,5,Airline Fee,391491
481,333,4,Retail,222306
482,248,3,Parking,272266
483,102,3,Parking,93188
484,337,5,Airline Fee,54566
485,73,5,Parking,280054
486,318,5,Retail,411342
487,232,2,Parking,209492
488,14,6,Airline Fee,76023
489,194,6,Parking,254899
490,234,1,Retail,343325
491,188,6,Retail,373461
492,277,5,Parking,341351
493,30,6,Airline Fee,359337
494,25,2,Retail,253241
495,187,1,Airline Fee,186850
496,231,4,Airline Fee,55434
497,355,1,Retail,418671
498,134,2,Parking,237241
499,131,2,Airline Fee,118002
500,112,6,Parking,266501
501,129,1,Airline Fee,112183
502,65,1,Retail,487377
503,26,6,Airline Fee,349744
504,18,2,Parking,93977
505,134,2,Parking,486012
506,203,4,Airline Fee,353776
507,254,2,Airline Fee,172646
508,40,2,Airline Fee,164401
509,30,3,Retail,169800
510,78,3,Parking,90553
511,330,3,Airline Fee,139053
512,249,5,Parking,130870
513,287,6,Parking,316820
514,164,5,Parking,303908
515,335,2,Parking,431135
516,48,3,Airline Fee,202774
517,78,6,Parking,418264
518,111,4,Parking,192579
519,343,4,Retail,78536
520,273,4,Airline Fee,491704
521,283,2,Parking,111418
522,364,6,Parking,371072
523,254,3,Airline Fee,336745
524,126,2,Airline Fee,303151
525,171,2,Parking,416058
526,203,4,Retail,286826
527,129,3,Retail,111950
528,280,5,Airline Fee,383992
529,8,1,Airline Fee,424098
530,286,2,Retail,392983
531,18,3,Retail,101172
532,333,1,Retail,156706
533,122,1,Retail,304806
534,126,5,Retail,304785
535,228,5,Airline Fee,278162
536,83,2,Airline Fee,291887
537,188,2,Airline Fee,484072
538,154,3,Airline Fee,347578
539,124,5,Parking,231309
540,354,6,Retail,423772
541,309,5,Retail,139565
542,95,6,Airline Fee,368546
543,122,3,Retail,479847
544,362,6,Parking,172229
545,71,5,Parking,356156
546,104,4,Parking,464560
547,154,1,Airline Fee,152330
548,244,4,Retail,124316
549,161,1,Parking,416686
550,161,6,Parking,222709
551,180,3,Retail,133769
552,168,3,Retail,423405
553,54,1,Parking,294703
554,239,1,Parking,100461
555,354,1,Retail,330118
556,49,1,Airline Fee,323581
557,360,2,Retail,340981
558,134,5,Airline Fee,417969
559,289,5,Parking,475935
560,133,3,Airline Fee,376525
561,146,2,Airline Fee,376074
562,131,1,Parking,175476
563,354,2,Parking,174275
564,122,1,Airline Fee,381653
565,2,6,Retail,285969
566,65,5,Retail,231060
567,291,1,Parking,59257
568,324,6,Parking,270114
569,35,5,Retail,332688
570,328,1,Retail,479029
571,285,6,Parking,447647
572,334,3,Retail,422701
573,298,5,Airline Fee,177581
574,113,6,Parking,96089
575,94,3,Airline Fee,215799
576,114,2,Airline Fee,494083
577,7,1,Airline Fee,63079
578,22,2,Airline Fee,270090
579,57,1,Retail,181058
580,173,5,Parking,380086
581,182,1,Retail,345044
582,2,6,Airline Fee,386547
583,313,4,Airline Fee,122690
584,118,4,Airline Fee,161593
585,84,4,Airline Fee,345701
586,331,3,Parking,317655
587,290,4,Parking,345902
588,44,1,Parking,266448
589,69,2,Airline Fee,310179
590,53,3,Airline Fee,325742
591,350,5,Parking,136167
592,289,3,Parking,499789
593,332,6,Parking,474236
594,325,6,Retail,326870
595,129,2,Airline Fee,89041
596,163,4,Parking,362894
597,251,2,Parking,234146
598,25,3,Airline Fee,122232
599,132,3,Retail,461632
600,329,3,Airline Fee,372648
601,118,2,Parking,418406
602,236,1,Parking,354817
603,115,1,Retail,304281
604,125,6,Retail,86310
605,195,4,Airline Fee,248304
606,94,6,Parking,93050
607,212,5,Retail,223522
608,127,2,Parking,216966
609,138,1,Retail,403330
610,148,4,Retail,348337
611,296,5,Parking,124404
612,75,4,Parking,467602
613,15,4,Airline Fee,82684
614,156,6,Airline Fee,378952
615,364,6,Airline Fee,108474
616,35,5,Parking,402432
617,7,3,Retail,455632
618,182,1,Airline Fee,410373
619,170,1,Parking,287310
620,294,5,Airline Fee,381683
621,211,1,Airline Fee,413712
622,320,2,Airline Fee,147704
623,57,2,Retail,75693
624,364,2,Parking,76033
625,124,5,Retail,431023
626,194,6,Airline Fee,443904
627,83,4,Airline Fee,366370
628,201,4,Retail,166270
629,252,3,Airline Fee,65998
630,337,3,Airline Fee,174681
631,2,2,Retail,157819
632,270,2,Parking,436799
633,241,5,Airline Fee,54907
634,146,2,Airline Fee,168496
635,326,2,Parking,214204
636,76,2,Retail,427407
637,230,1,Retail,377059
638,334,4,Airline Fee,415365
639,269,1,Airline Fee,180283
640,73,6,Retail,488130
641,106,2,Airline Fee,221982
642,224,2,Retail,366072
643,10,1,Retail,498501
644,283,1,Retail,75117
645,270,5,Airline Fee,156213
646,265,5,Retail,370424
647,137,2,Parking,168737
648,218,1,Parking,359242
649,224,6,Retail,411821
650,361,5,Parking,297892
651,291,3,Retail,404801
652,154,1,Airline Fee,433340
653,169,4,Airline Fee,122006
654,365,3,Airline Fee,331067
655,106,3,Retail,495124
656,121,6,Retail,235503
657,67,1,Parking,139295
658,286,6,Parking,367629
659,285,2,Airline Fee,76329
660,84,4,Retail,256758
661,324,5,Parking,186314
662,14,6,Airline Fee,222763
663,365,5,Retail,129648
664,180,2,Parking,67217
665,39,4,Parking,333214
666,277,6,Parking,325654
667,327,4,Parking,239651
668,6,3,Airline Fee,458076
669,183,3,Airline Fee,63151
670,40,4,Parking,197740
671,198,6,Retail,483475
672,153,6,Retail,184610
673,252,6,Retail,54233
674,229,1,Airline Fee,99227
675,89,6,Retail,65033
676,22,1,Retail,424485
677,312,1,Retail,321231
678,302,4,Retail,306410
679,120,5,Airline Fee,293042
680,184,1,Retail,194057
681,206,5,Parking,335543
682,90,1,Airline Fee,412192
683,116,4,Retail,483221
684,163,1,Parking,73084
685,104,6,Airline Fee,139265
686,148,5,Parking,71167
687,271,2,Retail,370426
688,110,6,Retail,348253
689,200,5,Retail,302768
690,280,2,Parking,428539
691,225,6,Airline Fee,472131
692,80,5,Parking,447467
693,251,6,Parking,358412
694,220,6,Parking,325365
695,300,1,Retail,292886
696,142,1,Parking,96154
697,73,5,Parking,98672
698,205,1,Parking,184850
699,222,1,Airline Fee,153317
700,160,4,Parking,77532
701,80,3,Parking,252844
702,115,3,Retail,378325
703,25,6,Parking,85007
704,177,5,Parking,141241
705,279,3,Retail,223493
706,293,2,Parking,298038
707,220,5,Parking,437370
708,3,5,Airline Fee,352006
709,316,2,Airline Fee,206699
710,315,3,Parking,294025
711,33,2,Airline Fee,353630
712,182,1,Parking,257511
713,39,5,Airline Fee,54458
714,153,4,Parking,134057
715,63,2,Airline Fee,387597
716,89,5,Parking,485904
717,103,6,Retail,81257
718,341,6,Retail,220605
719,187,5,Parking,294062
720,159,2,Airline Fee,201996
721,49,4,Retail,308015
722,222,5,Airline Fee,323387
723,359,1,Airline Fee,148432
724,188,1,Retail,429985
725,253,1,Retail,418848
726,365,4,Airline Fee,351547
727,192,3,Parking,160555
728,244,1,Retail,344912
729,71,2,Parking,200691
730,347,3,Parking,398996
731,77,2,Retail,90772
732,221,4,Parking,498383
733,343,1,Parking,409233
734,264,5,Parking,182706
735,269,1,Parking,75373
736,282,4,Airline Fee,279343
737,221,1,Parking,124631
738,91,1,Parking,234577
739,56,1,Parking,225203
740,106,4,Parking,445110
741,287,1,Airline Fee,416104
742,273,6,Airline Fee,350178
743,293,5,Airline Fee,448066
744,47,5,Retail,106902
745,307,3,Retail,299703
746,114,3,Airline Fee,314205
747,58,3,Retail,74451
748,44,3,Airline Fee,234749
749,354,5,Parking,130672
750,231,3,Airline Fee,118900
751,267,2,Airline Fee,321210
752,12,6,Retail,364141
753,205,4,Airline Fee,402238
754,54,6,Parking,371491
755,34,4,Airline Fee,141853
756,248,5,Airline Fee,218858
757,136,4,Airline Fee,337607
758,230,4,Airline Fee,410716
759,356,1,Retail,385302
760,278,3,Retail,348321
761,261,3,Retail,496245
762,20,1,Airline Fee,129283
763,215,5,Parking,400182
764,232,2,Retail,431512
765,118,5,Parking,455590
766,49,2,Retail,406702
767,119,2,Parking,242321
768,147,1,Airline Fee,479479
769,218,5,Airline Fee,399861
770,228,3,Retail,338552
771,263,6,Parking,395318
772,336,5,Airline Fee,242388
773,10,5,Airline Fee,219663
774,363,6,Airline Fee,75143
775,150,2,Retail,332838
776,218,2,Parking,173696
777,133,3,Retail,356874
778,204,6,Parking,94639
779,24,6,Retail,63044
780,143,3,Airline Fee,71158
781,344,6,Parking,62239
782,216,2,Retail,254793
783,234,5,Airline Fee,124550
784,55,2,Airline Fee,227098
785,354,4,Parking,62237
786,171,4,Retail,158991
787,173,2,Airline Fee,494162
788,281,3,Parking,209732
789,144,2,Parking,314327
790,247,5,Airline Fee,334366
791,29,4,Retail,54856
792,320,1,Parking,224333
793,124,3,Airline Fee,322153
794,173,1,Airline Fee,241988
795,234,3,Airline Fee,410095
796,365,1,Retail,175777
797,26,1,Retail,56407
798,85,6,Parking,348854
799,50,2,Parking,157507
800,155,3,Airline Fee,111812
801,100,6,Parking,350091
802,80,4,Airline Fee,346927
803,29,1,Parking,412953
804,135,2,Retail,337499
805,62,5,Retail,356635
806,71,3,Airline Fee,91658
807,290,3,Parking,304138
808,133,4,Parking,239385
809,117,1,Parking,245489
810,8,2,Airline Fee,61640
811,200,1,Parking,192749
812,43,2,Retail,299899
813,180,4,Parking,98606
814,330,1,Retail,344040
815,257,5,Parking,305127
816,38,4,Airline Fee,310192
817,263,4,Airline Fee,493068
818,337,3,Parking,294872
819,184,2,Parking,72867
820,280,6,Retail,418431
821,291,1,Airline Fee,238624
822,201,2,Parking,53269
823,42,4,Airline Fee,155919
824,300,1,Airline Fee,129395
825,4,5,Parking,364472
826,364,2,Parking,108259
827,119,2,Parking,195369
828,77,5,Parking,458935
829,280,6,Retail,324955
830,327,6,Parking,153302
831,123,4,Retail,168439
832,347,6,Parking,375085
833,350,2,Airline Fee,472101
834,156,3,Parking,180601
835,329,3,Retail,432300
836,103,1,Parking,310949
837,359,5,Parking,477479
838,341,4,Airline Fee,163585
839,102,3,Airline Fee,166887
840,45,1,Retail,275292
841,345,1,Parking,108084
842,70,6,Parking,373541
843,49,2,Airline Fee,74737
844,119,4,Retail,130486
845,340,6,Parking,91567
846,296,6,Retail,99879
847,18,3,Retail,487960
848,47,5,Retail,165330
849,1,6,Airline Fee,178981
850,161,2,Airline Fee,309557
851,295,3,Parking,94745
852,112,1,Retail,358002
853,23,6,Retail,176824
854,244,5,Retail,439035
855,270,1,Parking,303259
856,253,6,Parking,472959
857,293,2,Retail,474490
858,71,5,Retail,414491
859,76,5,Retail,386963
860,165,2,Parking,367673
861,263,1,Retail,289856
862,109,6,Retail,430359
863,180,5,Airline Fee,141134
864,145,4,Retail,92694
865,190,4,Airline Fee,315910
866,165,6,Retail,262177
867,14,1,Airline Fee,328681
868,244,5,Airline Fee,365573
869,311,1,Parking,493575
870,57,4,Retail,314759
871,4,5,Retail,442830
872,214,5,Retail,300420
873,49,6,Airline Fee,382999
874,81,6,Parking,150284
875,35,6,Airline Fee,308593
876,181,6,Airline Fee,139133
877,160,1,Airline Fee,410143
878,358,5,Retail,408739
879,217,1,Airline Fee,478873
880,266,3,Airline Fee,421249
881,251,3,Parking,58900
882,113,4,Retail,459071
883,190,4,Parking,62810
884,2,2,Retail,219842
885,63,3,Parking,90933
886,120,3,Retail,364453
887,245,6,Retail,408218
888,272,6,Airline Fee,143329
889,131,2,Parking,62241
890,217,1,Retail,243182
891,18,3,Airline Fee,336675
892,231,6,Parking,240781
893,298,3,Retail,77158
894,232,4,Retail,288951
895,124,2,Retail,184717
896,50,2,Airline Fee,215961
897,177,4,Parking,408928
898,3,3,Retail,478925
899,72,5,Retail,70264
900,125,2,Parking,311374
901,5,3,Parking,173244
902,185,1,Parking,126039
903,84,2,Parking,164590
904,153,4,Retail,142976
905,198,2,Airline Fee,432831
906,220,4,Parking,361480
907,23,1,Airline Fee,176383
908,138,3,Airline Fee,267780
909,161,4,Airline Fee,331533
910,73,4,Parking,287031
911,195,6,Airline Fee,247337
912,97,1,Airline Fee,137145
913,74,5,Retail,455483
914,27,2,Parking,375768
915,163,6,Parking,51311
916,62,5,Parking,70822
917,263,2,Parking,127151
918,199,1,Parking,319880
919,214,1,Retail,304563
920,266,5,Airline Fee,389972
921,27,1,Retail,195270
922,68,3,Airline Fee,116159
923,195,5,Parking,483600
924,304,4,Retail,255297
925,363,4,Parking,350977
926,323,1,Parking,442798
927,345,1,Airline Fee,279182
928,327,2,Airline Fee,123950
929,302,5,Airline Fee,75528
930,98,6,Retail,330434
931,202,5,Airline Fee,395224
932,248,3,Parking,495152
933,348,4,Airline Fee,250442
934,11,4,Airline Fee,465586
935,32,3,Airline Fee,406889
936,328,2,Airline Fee,433169
937,148,3,Parking,401009
938,133,2,Airline Fee,376661
939,269,2,Parking,296756
940,203,6,Retail,481933
941,122,2,Retail,275118
942,98,1,Parking,235051
943,236,1,Retail,322596
944,131,2,Airline Fee,353690
945,252,3,Airline Fee,282360
946,252,3,Airline Fee,69253
947,353,3,Retail,389448
948,56,1,Parking,413171
949,249,6,Retail,327734
950,202,2,Retail,280380
951,249,4,Parking,150079
952,302,3,Parking,264106
953,176,6,Retail,202176
954,105,1,Retail,368803
955,245,5,Parking,99764
956,225,2,Parking,323946
957,353,3,Retail,486753
958,151,1,Airline Fee,426524
959,311,5,Airline Fee,335905
960,54,2,Airline Fee,100555
961,321,4,Parking,131930
962,219,2,Airline Fee,183069
963,307,2,Airline Fee,271099
964,236,3,Parking,156086
965,347,6,Parking,205218
966,164,2,Parking,91723
967,288,5,Airline Fee,54646
968,359,5,Airline Fee,96906
969,57,2,Airline Fee,229864
970,29,2,Airline Fee,371358
971,87,6,Parking,411202
972,79,5,Airline Fee,331683
973,363,5,Parking,353440
974,308,3,Retail,140166
975,89,4,Retail,454800
976,179,5,Retail,152507
977,287,4,Airline Fee,204450
978,84,4,Parking,479405
979,223,5,Retail,220392
980,144,6,Parking,473643
981,164,6,Airline Fee,210292
982,295,3,Airline Fee,227785
983,139,2,Retail,292250
984,148,6,Retail,71329
985,312,1,Retail,202040
986,241,2,Airline Fee,435845
987,243,1,Airline Fee,152472
988,170,5,Retail,94122
989,47,2,Airline Fee,404157
990,6,2,Airline Fee,315011
991,365,1,Retail,427279
992,35,3,Airline Fee,303739
993,71,6,Airline Fee,271014
994,293,5,Parking,319546
995,178,5,Parking,292493
996,123,6,Parking,210323
997,245,5,Airline Fee,348199
998,9,2,Airline Fee,132085
999,331,4,Parking,460033
1000,213,1,Parking,65420
1001,316,6,Parking,68203
1002,51,2,Retail,316309
1003,302,3,Parking,314376
1004,327,3,Parking,490446
1005,64,2,Parking,76249
1006,232,1,Retail,213979
1007,21,6,Retail,168022
1008,5,5,Airline Fee,147879
1009,6,5,Parking,283627
1010,43,4,Parking,224410
1011,282,6,Airline Fee,76079
1012,349,2,Parking,438059
1013,54,4,Airline Fee,283792
1014,131,3,Parking,96991
1015,139,5,Parking,472051
1016,215,6,Parking,374933
1017,25,5,Airline Fee,236505
1018,65,4,Airline Fee,410166
1019,260,2,Airline Fee,418841
1020,198,4,Airline Fee,201641
1021,109,6,Airline Fee,489265
1022,16,3,Retail,180792
1023,203,6,Airline Fee,62873
1024,142,2,Parking,67853
1025,358,6,Retail,87664
1026,113,3,Retail,165673
1027,74,2,Retail,250161
1028,53,4,Retail,75252
1029,118,1,Airline Fee,480732
1030,186,4,Parking,359605
1031,63,2,Airline Fee,189101
1032,141,6,Airline Fee,245159
1033,301,3,Retail,102201
1034,226,4,Airline Fee,314033
1035,225,2,Retail,84596
1036,183,3,Airline Fee,98146
1037,161,3,Retail,130705
1038,62,3,Retail,401445
1039,81,6,Retail,456943
1040,329,2,Retail,245488
1041,16,3,Airline Fee,304715
1042,229,3,Airline Fee,498679
1043,97,4,Parking,71134
1044,360,3,Parking,410133
1045,320,6,Retail,257203
1046,326,1,Parking,325819
1047,140,2,Parking,444575
1048,130,3,Retail,213924
1049,143,3,Retail,233399
1050,337,5,Retail,182213
1051,180,4,Parking,231285
1052,163,3,Retail,269616
1053,351,4,Parking,480215
1054,123,4,Retail,369563
1055,38,1,Retail,351350
1056,298,2,Airline Fee,328843
1057,365,1,Airline Fee,468288
1058,232,2,Retail,370443
1059,337,5,Airline Fee,468412
1060,252,1,Airline Fee,381319
1061,7,4,Airline Fee,425801
1062,56,3,Airline Fee,418657
1063,168,5,Parking,309962
1064,317,2,Airline Fee,365823
1065,219,1,Retail,75191
1066,65,5,Airline Fee,50148
1067,194,6,Retail,136234
1068,93,1,Parking,187221
1069,341,4,Retail,206318
1070,170,6,Retail,430513
1071,226,1,Airline Fee,106134
1072,231,2,Retail,452426
1073,281,6,Retail,134862
1074,6,6,Parking,272458
1075,264,2,Parking,61324
1076,53,3,Airline Fee,272686
1077,19,3,Parking,383685
1078,265,2,Parking,322451
1079,161,2,Retail,399624
1080,264,2,Airline Fee,226380
1081,294,5,Airline Fee,439948
1082,160,6,Retail,132803
1083,23,1,Parking,429503
1084,162,5,Parking,174432
1085,343,4,Parking,471532
1086,7,3,Airline Fee,333714
1087,363,1,Retail,400010
1088,24,3,Retail,258855
1089,130,4,Parking,478546
1090,255,2,Airline Fee,166589
1091,256,3,Retail,126781
1092,250,2,Parking,290230
1093,339,3,Parking,140266
1094,106,4,Retail,159389
1095,356,3,Retail,83155
1096,312,4,Retail,66387
1097,348,1,Airline Fee,183499
1098,32,5,Parking,207386
1099,77,4,Retail,198490
1100,326,3,Airline Fee,427547
1101,93,1,Airline Fee,205342
1102,10,4,Retail,318472
1103,330,3,Retail,288745
1104,34,6,Retail,314046
1105,340,4,Retail,329449
1106,111,4,Airline Fee,50693
1107,289,2,Retail,163151
1108,344,3,Parking,353770
1109,97,5,Parking,264243
1110,313,4,Retail,408874
1111,150,1,Retail,492469
1112,204,3,Airline Fee,72197
1113,222,5,Parking,488529
1114,32,3,Parking,99110
1115,125,6,Airline Fee,281176
1116,108,5,Retail,82839
1117,211,5,Airline Fee,270658
1118,2,4,Airline Fee,294071
1119,183,2,Parking,413497
1120,59,3,Airline Fee,86671
1121,289,1,Parking,57408
1122,96,6,Parking,472464
1123,250,1,Airline Fee,434788
1124,105,2,Airline Fee,100585
1125,211,1,Retail,399610
1126,270,3,Parking,105000
1127,59,1,Airline Fee,453110
1128,271,6,Parking,88415
1129,29,3,Airline Fee,384370
1130,203,5,Airline Fee,64102
1131,112,4,Retail,118747
1132,365,2,Retail,287495
1133,123,2,Retail,336447
1134,201,1,Airline Fee,197763
1135,303,3,Retail,456290
1136,185,6,Parking,453297
1137,58,4,Parking,60173
1138,349,6,Airline Fee,424386
1139,255,1,Retail,263078
1140,229,6,Airline Fee,174042
1141,341,4,Airline Fee,302970
1142,53,3,Parking,411313
1143,342,6,Retail,81812
1144,320,1,Parking,258548
1145,244,1,Retail,320488
1146,338,6,Retail,204071
1147,258,4,Airline Fee,69095
1148,60,1,Retail,50617
1149,229,6,Retail,224369
1150,340,4,Airline Fee,125246
1151,304,6,Parking,119457
1152,118,6,Parking,195291
1153,26,3,Parking,247545
1154,340,4,Retail,51614
1155,150,3,Retail,104382
1156,171,3,Airline Fee,188507
1157,253,5,Airline Fee,180460
1158,20,4,Airline Fee,331052
1159,349,2,Parking,233955
1160,304,5,Retail,360606
1161,351,5,Airline Fee,335058
1162,61,4,Retail,151711
1163,151,5,Airline Fee,225932
1164,236,5,Airline Fee,392482
1165,317,1,Parking,283030
1166,230,3,Parking,51264
1167,336,2,Retail,332851
1168,191,4,Retail,330213
1169,275,1,Airline Fee,108318
1170,203,6,Parking,398232
1171,204,6,Retail,95051
1172,228,2,Parking,100704
1173,269,2,Retail,454737
1174,179,1,Retail,414766
1175,331,6,Parking,121181
1176,257,4,Retail,197940
1177,169,3,Retail,441427
1178,3,1,Parking,104956
1179,8,5,Parking,125966
1180,336,6,Retail,285785
1181,107,2,Retail,390524
1182,40,5,Parking,75557
1183,188,4,Retail,351271
1184,264,6,Retail,147579
1185,330,6,Retail,60385
1186,243,3,Airline Fee,261466
1187,165,3,Parking,89665
1188,283,3,Airline Fee,155653
1189,95,6,Airline Fee,98619
1190,131,5,Airline Fee,448464
1191,262,4,Airline Fee,52612
1192,209,5,Retail,252591
1193,10,6,Airline Fee,168479
1194,29,2,Airline Fee,376349
1195,148,3,Parking,63344
1196,335,4,Retail,77014
1197,66,5,Retail,353186
1198,12,5,Parking,472340
1199,13,5,Retail,73984
1200,364,5,Retail,207335
1201,102,6,Parking,127302
1202,173,5,Retail,183061
1203,213,2,Airline Fee,367304
1204,169,3,Airline Fee,311627
1205,208,5,Airline Fee,420059
1206,347,2,Parking,95757
1207,62,6,Retail,353955
1208,9,4,Retail,337179
1209,125,4,Retail,155789
1210,162,6,Retail,244272
1211,19,2,Parking,424077
1212,346,2,Retail,469403
1213,87,2,Parking,154613
1214,18,4,Airline Fee,268563
1215,237,5,Parking,482272
1216,174,3,Retail,322905
1217,104,5,Parking,365050
1218,237,1,Retail,487536
1219,126,2,Parking,438727
1220,49,5,Retail,201963
1221,102,3,Airline Fee,371388
1222,74,5,Airline Fee,255185
1223,171,1,Parking,375499
1224,138,1,Airline Fee,491261
1225,85,5,Retail,168181
1226,166,6,Airline Fee,381813
1227,38,6,Airline Fee,393572
1228,249,6,Airline Fee,175846
1229,268,3,Airline Fee,211952
1230,308,5,Retail,77891
1231,105,2,Airline Fee,397178
1232,348,3,Airline Fee,478149
1233,24,4,Parking,200109
1234,287,3,Retail,92465
1235,82,5,Parking,400458
1236,255,5,Parking,255816
1237,23,4,Parking,249123
1238,327,1,Airline Fee,403087
1239,72,5,Airline Fee,212940
1240,118,1,Parking,108916
1241,38,1,Retail,229790
1242,156,2,Retail,188742
1243,347,6,Parking,199488
1244,127,1,Retail,395321
1245,277,3,Parking,465816
1246,27,6,Airline Fee,240497
1247,56,1,Airline Fee,458938
1248,125,6,Airline Fee,55281
1249,362,2,Retail,251626
1250,21,5,Parking,342099
1251,14,5,Retail,474411
1252,241,4,Retail,66720
1253,107,1,Airline Fee,448824
1254,70,3,Retail,326171
1255,204,4,Parking,218132
1256,28,4,Retail,329522
1257,221,2,Airline Fee,389173
1258,102,5,Retail,426806
1259,67,1,Parking,443315
1260,124,6,Retail,97709
1261,289,6,Parking,396174
1262,242,1,Parking,108701
1263,12,5,Airline Fee,165708
1264,203,6,Airline Fee,274141
1265,220,2,Airline Fee,234001
1266,179,2,Airline Fee,412779
1267,226,2,Airline Fee,164452
1268,214,3,Parking,109086
1269,359,1,Parking,296635
1270,268,2,Parking,402237
1271,19,2,Parking,358822
1272,351,5,Retail,286681
1273,315,4,Parking,304370
1274,269,4,Airline Fee,424049
1275,275,4,Parking,55889
1276,164,1,Retail,247598
1277,214,3,Retail,265466
1278,222,1,Airline Fee,173563
1279,269,6,Retail,226878
1280,84,5,Retail,112891
1281,231,2,Airline Fee,295802
1282,44,1,Parking,412483
1283,76,4,Retail,331907
1284,365,3,Retail,453053
1285,337,5,Parking,340692
1286,161,2,Airline Fee,185314
1287,236,3,Retail,389869
1288,308,1,Retail,267904
1289,359,1,Airline Fee,101580
1290,117,3,Retail,240190
1291,90,3,Parking,331715
1292,339,2,Retail,338208
1293,269,4,Retail,250348
1294,254,3,Retail,231067
1295,138,2,Parking,360215
1296,95,3,Parking,135198
1297,155,6,Retail,122801
1298,195,3,Parking,474987
1299,325,6,Retail,209956
1300,5,4,Airline Fee,465668
1301,71,2,Airline Fee,105952
1302,104,1,Retail,368196
1303,56,2,Airline Fee,396359
1304,307,2,Parking,371001
1305,312,2,Retail,134817
1306,170,4,Retail,473447
1307,141,4,Retail,316071
1308,34,5,Retail,319643
1309,356,6,Retail,126736
1310,53,1,Airline Fee,69491
1311,3,4,Parking,340719
1312,330,6,Airline Fee,172052
1313,250,4,Parking,216071
1314,107,2,Parking,248688
1315,99,2,Parking,368137
1316,293,6,Parking,420187
1317,180,3,Parking,198724
1318,134,3,Retail,436533
1319,149,3,Retail,87459
1320,301,6,Retail,206496
1321,133,4,Retail,351674
1322,259,3,Airline Fee,270684
1323,276,1,Airline Fee,277784
1324,204,6,Retail,166562
1325,61,3,Retail,181673
1326,160,5,Parking,138179
1327,147,5,Parking,155348
1328,143,2,Parking,127929
1329,330,4,Retail,398844
1330,313,6,Retail,106664
1331,154,5,Airline Fee,207060
1332,326,1,Parking,249190
1333,111,2,Parking,126578
1334,90,5,Airline Fee,246703
1335,49,3,Parking,426117
1336,131,5,Parking,365516
1337,211,5,Retail,451641
1338,228,2,Airline Fee,259584
1339,253,4,Airline Fee,375623
1340,94,3,Parking,358429
1341,165,3,Airline Fee,375864
1342,109,3,Parking,275399
1343,60,3,Parking,307500
1344,98,4,Retail,262772
1345,187,3,Retail,466374
1346,236,4,Parking,238437
1347,81,2,Airline Fee,396872
1348,42,1,Airline Fee,477219
1349,151,4,Retail,229079
1350,73,3,Parking,353099
1351,27,2,Parking,232746
1352,81,2,Retail,327176
1353,233,5,Parking,424255
1354,174,5,Retail,423574
1355,273,1,Parking,273419
1356,113,1,Airline Fee,237574
1357,250,5,Retail,337137
1358,251,6,Parking,66936
1359,15,5,Parking,265579
1360,169,2,Retail,221540
1361,73,4,Parking,464793
1362,270,5,Parking,144002
1363,264,3,Parking,432924
1364,332,4,Retail,276713
1365,67,6,Airline Fee,451938
1366,259,4,Parking,342613
1367,132,3,Retail,243199
1368,124,3,Retail,130910
1369,224,3,Parking,424381
1370,174,2,Retail,243644
1371,270,5,Parking,93131
1372,141,6,Retail,53089
1373,136,5,Airline Fee,318371
1374,230,2,Airline Fee,185872
1375,102,4,Airline Fee,159755
1376,302,2,Airline Fee,130239
1377,287,5,Airline Fee,467489
1378,91,1,Airline Fee,335065
1379,209,2,Airline Fee,52067
1380,35,1,Parking,469815
1381,62,1,Parking,277269
1382,152,6,Parking,293450
1383,65,3,Retail,272524
1384,221,3,Retail,216244
1385,346,3,Airline Fee,115338
1386,300,1,Airline Fee,466917
1387,355,5,Retail,177811
1388,51,3,Airline Fee,358818
1389,108,6,Retail,474348
1390,344,3,Airline Fee,495241
1391,174,4,Airline Fee,457609
1392,289,6,Airline Fee,163717
1393,192,1,Retail,137400
1394,357,1,Airline Fee,362012
1395,167,3,Retail,341238
1396,244,4,Airline Fee,92040
1397,255,4,Parking,164267
1398,58,2,Parking,154733
1399,26,2,Retail,281932
1400,117,3,Parking,434437
1401,242,6,Parking,499046
1402,230,1,Airline Fee,397665
1403,331,6,Airline Fee,381517
1404,253,4,Airline Fee,336800
1405,93,4,Retail,232652
1406,221,4,Airline Fee,171525
1407,195,1,Airline Fee,402094
1408,201,2,Retail,398059
1409,227,3,Airline Fee,118231
1410,57,2,Parking,447727
1411,70,4,Airline Fee,339386
1412,248,6,Retail,289749
1413,73,6,Retail,306711
1414,255,4,Parking,417477
1415,264,1,Airline Fee,131877
1416,91,1,Parking,70263
1417,126,1,Airline Fee,119298
1418,290,3,Retail,210302
1419,240,5,Retail,476206
1420,325,6,Parking,64450
1421,10,5,Retail,457877
1422,212,6,Retail,400403
1423,22,3,Airline Fee,198470
1424,157,6,Parking,477002
1425,159,3,Parking,242390
1426,262,3,Airline Fee,330824
1427,110,2,Airline Fee,287793
1428,263,6,Parking,474385
1429,353,3,Retail,339845
1430,13,2,Parking,367069
1431,63,6,Airline Fee,212536
1432,24,1,Parking,308012
1433,350,6,Retail,55269
1434,353,4,Parking,262676
1435,340,5,Parking,454535
1436,19,4,Retail,266939
1437,339,5,Retail,416801
1438,230,1,Retail,447627
1439,88,5,Retail,125314
1440,69,1,Airline Fee,120031
1441,150,6,Parking,223547
1442,316,4,Parking,71631
1443,278,2,Parking,336597
1444,92,6,Parking,62618
1445,145,6,Parking,488376
1446,351,5,Airline Fee,151596
1447,175,6,Airline Fee,252719
1448,145,3,Parking,319368
1449,191,2,Parking,236004
1450,135,2,Parking,164215
1451,29,1,Airline Fee,494448
1452,237,4,Parking,206832
1453,200,3,Retail,301803
1454,260,4,Airline Fee,368435
1455,360,4,Retail,330640
1456,118,2,Retail,348059
1457,272,3,Retail,236272
1458,80,5,Airline Fee,486673
1459,342,3,Retail,219891
1460,75,1,Parking,438055
1461,187,6,Parking,361018
1462,41,2,Retail,452357
1463,246,3,Airline Fee,201985
1464,316,1,Parking,424706
1465,58,5,Airline Fee,468417
1466,230,4,Parking,155779
1467,112,4,Airline Fee,409406
1468,204,1,Parking,115940
1469,40,2,Retail,186827
1470,58,4,Retail,160365
1471,189,2,Retail,205790
1472,173,2,Airline Fee,414168
1473,77,4,Retail,331334
1474,48,5,Airline Fee,296047
1475,90,6,Parking,152471
1476,11,3,Parking,439526
1477,56,6,Airline Fee,182890
1478,279,4,Retail,87417
1479,33,3,Airline Fee,399447
1480,180,2,Airline Fee,389164
1481,116,5,Airline Fee,108122
1482,28,2,Parking,215780
1483,115,5,Parking,211522
1484,220,6,Parking,411515
1485,226,6,Retail,476973
1486,243,6,Parking,124016
1487,179,1,Parking,369042
1488,308,6,Airline Fee,416591
1489,200,5,Retail,472668
1490,265,5,Airline Fee,118643
1491,274,6,Airline Fee,307622
1492,194,2,Airline Fee,415081
1493,82,6,Airline Fee,268211
1494,168,6,Parking,460774
1495,66,4,Retail,403415
1496,22,4,Parking,485981
1497,336,3,Airline Fee,360551
1498,101,1,Parking,96454
1499,352,5,Retail,332065
1500,330,3,Parking,73975
1501,361,6,Parking,90548
1502,176,5,Retail,438589
1503,272,5,Airline Fee,100840
1504,49,1,Airline Fee,229317
1505,354,1,Airline Fee,279102
1506,101,3,Retail,257827
1507,63,4,Parking,394707
1508,312,5,Airline Fee,431178
1509,354,2,Retail,342436
1510,364,3,Retail,72227
1511,333,5,Retail,139964
1512,37,1,Airline Fee,284350
1513,207,6,Retail,127928
1514,222,1,Airline Fee,163488
1515,223,1,Parking,309682
1516,349,1,Retail,147320
1517,354,6,Retail,363915
1518,32,4,Airline Fee,469414
1519,364,4,Airline Fee,437540
1520,151,5,Airline Fee,230778
1521,74,5,Parking,318213
1522,72,3,Airline Fee,395907
1523,277,1,Retail,132452
1524,203,1,Parking,156135
1525,103,6,Airline Fee,299252
1526,175,2,Airline Fee,148937
1527,211,2,Retail,472391
1528,253,1,Retail,465403
1529,354,2,Airline Fee,396244
1530,318,2,Parking,329484
1531,294,1,Airline Fee,297083
1532,354,4,Parking,238634
1533,154,4,Retail,127189
1534,296,5,Retail,331584
1535,144,4,Parking,169170
1536,19,1,Parking,487824
1537,29,2,Retail,292614
1538,365,1,Parking,316353
1539,189,3,Retail,151961
1540,164,2,Airline Fee,411374
1541,341,1,Parking,430669
1542,266,5,Parking,366146
1543,175,5,Retail,105410
1544,172,2,Parking,91254
1545,116,4,Parking,436427
1546,364,5,Airline Fee,378295
1547,251,6,Retail,199039
1548,7,3,Parking,191391
1549,197,6,Airline Fee,141162
1550,275,6,Airline Fee,86623
1551,33,6,Airline Fee,86275
1552,152,2,Parking,431181
1553,23,3,Retail,235708
1554,255,2,Airline Fee,104659
1555,86,4,Parking,359620
1556,356,1,Retail,255146
1557,181,6,Retail,389381
1558,149,2,Airline Fee,55256
1559,338,1,Parking,446440
1560,102,2,Airline Fee,259239
1561,91,4,Retail,328747
1562,37,3,Parking,202593
1563,49,1,Airline Fee,392443
1564,39,3,Retail,341657
1565,30,2,Parking,51200
1566,43,6,Parking,235899
1567,206,2,Airline Fee,432445
1568,226,4,Airline Fee,383514
1569,32,2,Retail,130374
1570,126,4,Airline Fee,425405
1571,95,2,Parking,83472
1572,2,6,Airline Fee,152352
1573,303,3,Parking,210383
1574,99,2,Retail,294745
1575,23,1,Airline Fee,241069
1576,341,5,Parking,276093
1577,218,1,Retail,371248
1578,222,1,Parking,466001
1579,297,4,Retail,347363
1580,298,2,Airline Fee,313391
1581,72,3,Retail,493138
1582,167,2,Parking,396659
1583,225,5,Parking,382036
1584,138,2,Retail,409699
1585,210,5,Airline Fee,236114
1586,112,5,Parking,489042
1587,228,1,Airline Fee,479411
1588,233,5,Retail,445589
1589,50,5,Retail,159542
1590,331,6,Parking,259123
1591,236,3,Parking,454055
1592,257,6,Airline Fee,107215
1593,200,4,Retail,397438
1594,197,2,Airline Fee,475061
1595,1,3,Airline Fee,159860
1596,283,4,Airline Fee,103861
1597,365,1,Retail,253376
1598,189,3,Retail,405690
1599,125,3,Airline Fee,245456
1600,176,1,Airline Fee,198524
1601,279,5,Airline Fee,130329
1602,365,1,Retail,91481
1603,139,2,Retail,253093
1604,356,1,Retail,191543
1605,102,3,Airline Fee,465464
1606,287,1,Retail,350510
1607,311,2,Airline Fee,310035
1608,318,5,Parking,174842
1609,147,5,Airline Fee,366758
1610,352,4,Retail,461915
1611,296,6,Parking,353852
1612,358,4,Parking,206539
1613,273,2,Parking,487548
1614,355,4,Parking,328400
1615,12,5,Airline Fee,224745
1616,143,6,Airline Fee,126117
1617,167,5,Retail,488378
1618,269,4,Retail,177134
1619,94,1,Retail,463025
1620,106,5,Retail,307572
1621,275,4,Parking,421146
1622,201,4,Retail,82643
1623,313,2,Retail,105367
1624,92,2,Airline Fee,183752
1625,236,5,Parking,499707
1626,60,3,Retail,300082
1627,235,4,Parking,405032
1628,184,1,Retail,71086
1629,360,3,Parking,364544
1630,233,4,Parking,277239
1631,127,3,Airline Fee,372883
1632,101,4,Retail,207027
1633,135,4,Retail,316182
1634,233,3,Parking,239566
1635,68,2,Retail,387289
1636,87,4,Airline Fee,257429
1637,236,5,Parking,294446
1638,108,3,Parking,377939
1639,137,6,Airline Fee,66660
1640,265,2,Retail,222841
1641,333,1,Parking,398755
1642,63,4,Parking,483523
1643,230,6,Retail,437205
1644,238,4,Retail,348238
1645,349,6,Airline Fee,342362
1646,247,5,Parking,424481
1647,159,2,Airline Fee,462534
1648,38,4,Retail,479342
1649,244,6,Retail,439290
1650,7,2,Retail,294409
1651,360,4,Airline Fee,304305
1652,77,6,Airline Fee,291359
1653,257,1,Retail,359288
1654,37,6,Airline Fee,396223
1655,350,5,Parking,249371
1656,66,1,Airline Fee,64192
1657,100,1,Airline Fee,111347
1658,332,6,Parking,315420
1659,261,3,Airline Fee,442875
1660,312,1,Airline Fee,490958
1661,42,5,Parking,275038
1662,49,5,Airline Fee,148764
1663,302,6,Airline Fee,170281
1664,71,4,Airline Fee,103957
1665,246,6,Airline Fee,316283
1666,2,1,Parking,195148
1667,323,2,Parking,434672
1668,62,3,Airline Fee,133278
1669,336,6,Airline Fee,340146
1670,27,3,Parking,153771
1671,342,3,Parking,114873
1672,67,5,Retail,454869
1673,145,5,Parking,86324
1674,214,4,Airline Fee,180677
1675,327,1,Parking,195191
1676,57,5,Airline Fee,190549
1677,286,3,Parking,209818
1678,211,5,Parking,207197
1679,193,6,Parking,451364
1680,114,1,Airline Fee,211658
1681,122,5,Parking,161059
1682,360,6,Parking,369492
1683,103,1,Retail,428042
1684,155,4,Retail,309272
1685,74,5,Parking,94509
1686,354,1,Parking,325945
1687,175,6,Airline Fee,77946
1688,14,6,Airline Fee,485124
1689,167,1,Retail,367690
1690,55,6,Airline Fee,95722
1691,26,2,Parking,483527
1692,44,4,Retail,229396
1693,69,5,Airline Fee,425343
1694,38,2,Airline Fee,418631
1695,336,5,Parking,284744
1696,12,3,Airline Fee,246839
1697,105,3,Airline Fee,217374
1698,244,1,Retail,412094
1699,364,2,Airline Fee,421016
1700,273,1,Parking,195262
1701,281,1,Airline Fee,427624
1702,192,1,Parking,202711
1703,88,3,Parking,108957
1704,139,6,Retail,413238
1705,146,1,Airline Fee,136782
1706,164,6,Parking,272879
1707,259,6,Parking,433454
1708,339,1,Parking,243596
1709,326,1,Parking,58278
1710,87,1,Retail,379707
1711,327,2,Parking,205136
1712,364,5,Parking,262590
1713,239,2,Retail,79854
1714,265,4,Retail,278294
1715,194,6,Retail,380126
1716,128,2,Parking,334229
1717,122,6,Parking,264415
1718,244,6,Airline Fee,163101
1719,47,6,Airline Fee,367803
1720,320,4,Airline Fee,164768
1721,365,3,Retail,388633
1722,112,5,Airline Fee,388012
1723,303,1,Airline Fee,159417
1724,75,4,Retail,140183
1725,298,3,Parking,293210
1726,305,5,Retail,363850
1727,30,4,Airline Fee,174561
1728,8,3,Airline Fee,71932
1729,341,1,Retail,180707
1730,8,3,Retail,116255
1731,239,3,Airline Fee,158122
1732,191,1,Retail,277926
1733,128,6,Airline Fee,474333
1734,11,6,Airline Fee,404763
1735,256,4,Airline Fee,351676
1736,233,3,Parking,348266
1737,186,1,Retail,77599
1738,121,4,Retail,130343
1739,167,1,Airline Fee,399643
1740,144,2,Parking,394328
1741,327,4,Retail,205916
1742,352,2,Retail,222972
1743,101,6,Parking,99415
1744,22,3,Retail,430529
1745,199,3,Retail,368263
1746,269,3,Retail,388935
1747,82,4,Parking,491809
1748,170,5,Parking,168490
1749,13,4,Airline Fee,438840
1750,197,4,Airline Fee,190896
1751,95,5,Airline Fee,217942
1752,267,4,Retail,455068
1753,319,6,Airline Fee,294863
1754,358,2,Airline Fee,361694
1755,51,5,Airline Fee,470455
1756,188,5,Airline Fee,122119
1757,303,2,Airline Fee,85620
1758,4,5,Retail,102799
1759,263,5,Parking,244064
1760,343,2,Retail,340908
1761,31,1,Parking,114276
1762,118,1,Airline Fee,170397
1763,209,6,Retail,261420
1764,202,1,Airline Fee,462008
1765,86,2,Retail,104613
1766,30,3,Retail,480387
1767,157,4,Airline Fee,341232
1768,209,5,Airline Fee,89657
1769,43,2,Parking,181678
1770,85,4,Airline Fee,274523
1771,176,2,Parking,419709
1772,231,5,Airline Fee,198805
1773,360,3,Parking,352538
1774,150,2,Retail,372941
1775,319,4,Retail,318502
1776,260,6,Airline Fee,93846
1777,346,4,Retail,124168
1778,3,5,Airline Fee,398947
1779,337,6,Airline Fee,124307
1780,235,1,Airline Fee,475300
1781,339,5,Parking,149627
1782,82,6,Parking,329837
1783,252,6,Airline Fee,434408
1784,307,5,Retail,62926
1785,154,1,Retail,426193
1786,291,3,Retail,389411
1787,336,2,Parking,101693
1788,271,4,Parking,309765
1789,174,2,Parking,157021
1790,24,2,Retail,125365
1791,2,4,Retail,134118
1792,187,1,Retail,338580
1793,164,4,Retail,401186
1794,45,1,Parking,129814
1795,351,1,Airline Fee,231792
1796,94,5,Retail,233251
1797,204,3,Retail,66392
1798,123,6,Parking,415918
1799,37,5,Parking,384599
1800,118,3,Retail,328730
1801,341,1,Airline Fee,374756
1802,140,6,Parking,298816
1803,122,6,Parking,324996
1804,232,5,Parking,390494
1805,229,2,Parking,399639
1806,228,4,Retail,299395
1807,328,4,Retail,381211
1808,219,4,Retail,209172
1809,155,3,Airline Fee,262004
1810,356,4,Parking,90909
1811,7,3,Parking,499923
1812,3,3,Parking,426666
1813,4,6,Retail,395678
1814,216,3,Parking,358179
1815,264,2,Retail,443020
1816,45,6,Retail,443877
1817,205,1,Airline Fee,322361
1818,201,2,Parking,293120
1819,250,1,Retail,394157
1820,212,2,Parking,468656
1821,133,3,Retail,466958
1822,174,1,Retail,56619
1823,69,6,Retail,422901
1824,291,4,Retail,427895
1825,143,2,Airline Fee,386959
1826,17,1,Parking,186643
1827,332,4,Parking,111111
1828,248,5,Retail,129629
1829,228,3,Parking,498129
1830,171,2,Parking,85812
1831,335,2,Parking,72254
1832,206,6,Airline Fee,326861
1833,91,6,Retail,371982
1834,114,5,Airline Fee,316514
1835,22,1,Parking,75096
1836,137,2,Parking,202864
1837,303,2,Airline Fee,104398
1838,213,2,Retail,491971
1839,3,2,Parking,307852
1840,287,5,Airline Fee,100281
1841,13,3,Airline Fee,229690
1842,2,2,Retail,167460
1843,263,5,Airline Fee,446864
1844,285,4,Airline Fee,339364
1845,132,2,Airline Fee,351112
1846,344,1,Parking,106039
1847,234,5,Parking,118887
1848,243,1,Retail,181685
1849,173,3,Airline Fee,384952
1850,264,4,Airline Fee,97043
1851,42,1,Parking,353109
1852,145,2,Parking,496402
1853,340,5,Parking,259953
1854,325,4,Retail,82628
1855,355,5,Parking,337258
1856,297,6,Airline Fee,205153
1857,54,4,Airline Fee,225733
1858,160,6,Airline Fee,331047
1859,223,1,Retail,61988
1860,223,3,Airline Fee,141390
1861,43,6,Airline Fee,476539
1862,69,5,Airline Fee,388785
1863,100,2,Parking,54342
1864,204,5,Airline Fee,58508
1865,208,6,Parking,419393
1866,272,3,Parking,295083
1867,161,6,Retail,397781
1868,154,1,Retail,126874
1869,279,2,Airline Fee,268918
1870,89,2,Retail,494655
1871,182,1,Parking,168919
1872,340,5,Parking,265266
1873,47,2,Airline Fee,173338
1874,244,5,Airline Fee,367011
1875,249,5,Airline Fee,159435
1876,241,1,Parking,234053
1877,118,3,Parking,212546
1878,164,3,Airline Fee,296869
1879,291,5,Airline Fee,429816
1880,171,1,Parking,352539
1881,5,3,Retail,374719
1882,260,6,Parking,447380
1883,58,5,Retail,81713
1884,200,2,Airline Fee,182457
1885,363,2,Parking,92977
1886,138,6,Airline Fee,235786
1887,318,4,Airline Fee,334822
1888,237,4,Airline Fee,246093
1889,148,4,Parking,71987
1890,288,3,Parking,374024
1891,304,6,Retail,472808
1892,219,2,Parking,325631
1893,177,2,Retail,412025
1894,282,3,Retail,114540
1895,163,2,Parking,449956
1896,284,2,Parking,385686
1897,321,5,Airline Fee,165428
1898,186,2,Airline Fee,437756
1899,6,5,Parking,257400
1900,50,4,Retail,177688
1901,305,1,Parking,322190
1902,46,5,Airline Fee,445694
1903,217,6,Retail,212403
1904,209,2,Airline Fee,456878
1905,346,4,Parking,52963
1906,96,1,Parking,413739
1907,25,1,Parking,474429
1908,352,4,Airline Fee,75746
1909,125,4,Parking,290192
1910,361,1,Parking,146150
1911,63,1,Parking,250401
1912,339,2,Airline Fee,249068
1913,322,6,Airline Fee,431147
1914,163,5,Parking,90318
1915,336,5,Airline Fee,211542
1916,289,1,Retail,61813
1917,243,1,Retail,361912
1918,306,6,Retail,406602
1919,152,6,Retail,330513
1920,95,3,Parking,148045
1921,337,1,Retail,327454
1922,97,5,Parking,331877
1923,293,2,Parking,429628
1924,356,3,Airline Fee,484890
1925,63,5,Retail,405381
1926,248,2,Parking,142597
1927,319,6,Airline Fee,421922
1928,275,6,Parking,451925
1929,39,3,Parking,159768
1930,104,3,Airline Fee,297741
1931,83,3,Parking,63163
1932,200,3,Airline Fee,269932
1933,105,3,Retail,151418
1934,179,3,Parking,112449
1935,60,4,Parking,183367
1936,256,6,Retail,391356
1937,338,2,Parking,71821
1938,206,5,Airline Fee,484956
1939,210,1,Airline Fee,311490
1940,229,5,Airline Fee,492047
1941,348,4,Parking,88446
1942,122,4,Retail,78859
1943,124,3,Parking,287838
1944,353,4,Retail,283028
1945,135,5,Retail,145489
1946,188,4,Parking,88693
1947,133,5,Retail,121773
1948,91,3,Parking,114181
1949,102,3,Parking,179531
1950,161,4,Parking,96043
1951,357,6,Parking,259190
1952,125,1,Airline Fee,138543
1953,293,3,Parking,356940
1954,143,2,Airline Fee,98147
1955,273,2,Parking,194121
1956,37,3,Retail,415971
1957,259,6,Airline Fee,459372
1958,154,6,Parking,191727
1959,104,4,Parking,441696
1960,121,3,Retail,211330
1961,301,4,Retail,85975
1962,134,5,Parking,77284
1963,99,1,Retail,314854
1964,216,1,Retail,242434
1965,243,5,Airline Fee,333482
1966,231,5,Retail,426581
1967,226,5,Retail,248137
1968,13,1,Airline Fee,85463
1969,313,3,Parking,140722
1970,235,2,Airline Fee,332948
1971,329,6,Retail,488048
1972,83,6,Airline Fee,226317
1973,243,4,Retail,231184
1974,224,2,Airline Fee,90126
1975,341,4,Airline Fee,52775
1976,224,1,Parking,294383
1977,185,3,Retail,441990
1978,174,2,Airline Fee,323573
1979,268,5,Airline Fee,444497
1980,97,5,Retail,226363
1981,321,5,Airline Fee,303648
1982,305,6,Parking,346329
1983,127,2,Retail,50740
1984,215,3,Parking,160052
1985,28,3,Retail,204177
1986,50,5,Parking,54555
1987,268,2,Retail,69470
1988,83,5,Airline Fee,214310
1989,244,4,Retail,73411
1990,225,4,Airline Fee,355105
1991,18,2,Parking,341644
1992,226,4,Airline Fee,208366
1993,363,1,Parking,372804
1994,111,1,Airline Fee,291914
1995,324,1,Parking,231413
1996,76,4,Retail,367084
1997,23,3,Retail,430407
1998,156,1,Airline Fee,321565
1999,203,5,Retail,460744
2000,220,3,Airline Fee,288250
